{"n_results": 13357, "n_closures": 16896, "exec_time": 0.17612981796264648, "memory_info": 16.9453125}