{"n_results": 14560, "n_closures": 232944, "exec_time": 649.334629535675, "memory_info": 491.8515625}