{"n_results": 13357, "n_closures": 200340, "exec_time": 8.055822849273682, "memory_info": 21.7265625}