{"n_results": 930842, "n_closures": 21409343, "exec_time": 912.6865122318268, "memory_info": 2391.7890625}