{"n_results": 930842, "n_closures": 21409343, "exec_time": 3559.280529975891, "memory_info": 788.50390625}