{"n_results": 14560, "n_closures": 232944, "exec_time": 5231.9614045619965, "memory_info": 182.765625}