{"n_results": 939542, "n_closures": 27246689, "exec_time": 14571.932592630386, "memory_info": 3644.56640625}