{"n_results": 33, "n_closures": 231680, "exec_time": 37.04042720794678, "memory_info": 68.91796875}