{"n_results": 128, "n_closures": 889, "exec_time": 102.72589111328125, "memory_info": 578.33203125}