{"n_results": 241240, "n_closures": 26295051, "exec_time": 12272.558605670929, "memory_info": 964.45703125}