{"n_results": 33, "n_closures": 231680, "exec_time": 42.30181860923767, "memory_info": 18.96484375}