{"n_results": 13357, "n_closures": 200340, "exec_time": 7.723705530166626, "memory_info": 124.63671875}