{"n_results": 128, "n_closures": 889, "exec_time": 113.42055702209473, "memory_info": 527.96875}