{"n_results": 939541, "n_closures": 3300044, "exec_time": 164.30008482933044, "memory_info": 312.0234375}