{"n_results": 32, "n_closures": 208205, "exec_time": 172.43051266670227, "memory_info": 17.9140625}