{"n_results": 128, "n_closures": 128, "exec_time": 7.507855653762817, "memory_info": 632.8828125}