{"n_results": 14560, "n_closures": 37619, "exec_time": 5.388341665267944, "memory_info": 205.93359375}