{"n_results": 241239, "n_closures": 2696579, "exec_time": 201.22268509864807, "memory_info": 224.0078125}