{"n_results": 930841, "n_closures": 2001722, "exec_time": 277.40661549568176, "memory_info": 748.89453125}