{"n_results": 13357, "n_closures": 104076, "exec_time": 50.935508489608765, "memory_info": 127.69921875}