{"n_results": 128, "n_closures": 448, "exec_time": 343.3422636985779, "memory_info": 1457.9765625}