{"n_results": 128, "n_closures": 448, "exec_time": 359.1791307926178, "memory_info": 1458.15234375}