{"n_results": 128, "n_closures": 176, "exec_time": 184.71238207817078, "memory_info": 1455.87890625}