{"n_results": 930841, "n_closures": 1904606, "exec_time": 103.42254519462585, "memory_info": 694.41015625}