{"n_results": 14560, "n_closures": 38387, "exec_time": 174.44773745536804, "memory_info": 364.00390625}