{"n_results": [230906, 230906, 231662, 237367], "n_closures": [473257, 473257, 474249, 483519], "exec_time": 14.491039276123047, "order": "D", "times": [12.139311790466309, 12.197761058807373, 12.244747400283813, 12.408249139785767], "depths": [1, 1, 1, 1], "block_size": 50000, "memory_info": 237.4609375}