{"n_results": 14560, "n_closures": 37667, "exec_time": 76.68922162055969, "memory_info": 362.2109375}