{"n_results": 241239, "n_closures": 2696578, "exec_time": 2496.8921954631805, "memory_info": 2775.79296875}