{"n_results": [5644, 8023, 23021, 204551], "n_closures": [96380, 134392, 382342, 2083346], "exec_time": 402.4036467075348, "order": "D", "times": [41.96129393577576, 50.72277212142944, 140.82906484603882, 399.19667172431946], "depths": [1, 1, 1, 1], "block_size": 50000, "memory_info": 272.8203125}