{"n_results": 930841, "n_closures": 1904302, "exec_time": 337.5264039039612, "memory_info": 793.83203125}