{"n_results": 939541, "n_closures": 3337268, "exec_time": 3814.524734735489, "memory_info": 871.92578125}