{"n_results": 32, "n_closures": 208204, "exec_time": 104.62223982810974, "memory_info": 269.03125}