{"n_results": 939541, "n_closures": 3300364, "exec_time": 1117.272537469864, "memory_info": 1031.3515625}