{"n_results": 32, "n_closures": 208204, "exec_time": 105.36340045928955, "memory_info": 269.09765625}