{"n_results": 241239, "n_closures": 2696578, "exec_time": 2451.5614693164825, "memory_info": 2776.01171875}