{"n_results": 241239, "n_closures": 2696578, "exec_time": 2453.8300366401672, "memory_info": 2774.85546875}