{"n_results": [44298, 41429, 32468, 821346], "n_closures": [137437, 243529, 139964, 2779076], "exec_time": 204.519198179245, "order": "D", "times": [41.710694551467896, 50.03127694129944, 64.61672282218933, 200.7310106754303], "depths": [1, 1, 1, 1], "block_size": 50000, "memory_info": 332.4453125}