{"n_results": 14560, "n_closures": 119745, "exec_time": 3913.673362970352, "memory_info": 374.9296875}