{"n_results": 32, "n_closures": 208204, "exec_time": 105.91886591911316, "memory_info": 268.84375}