{"n_results": 13357, "n_closures": 26624, "exec_time": 11.612448692321777, "memory_info": 97.4296875}