{"n_results": 13357, "n_closures": 16944, "exec_time": 3.252223491668701, "memory_info": 90.515625}