{"n_results": 939541, "n_closures": 3300060, "exec_time": 2629.456561565399, "memory_info": 1769.5703125}