{"n_results": [3606, 3257, 3660, 4037], "n_closures": [9343, 8777, 9413, 10075], "exec_time": 7.480771064758301, "order": "D", "times": [1.7136855125427246, 1.7357306480407715, 2.108319044113159, 2.489415168762207], "depths": [1, 1, 1, 1], "block_size": 50000, "memory_info": 264.8046875}