{"n_results": 13357, "n_closures": 17664, "exec_time": 3.4667699337005615, "memory_info": 93.14453125}