{"n_results": 128, "n_closures": 448, "exec_time": 361.29505920410156, "memory_info": 1457.890625}