{"n_results": [8, 8, 16, 16], "n_closures": [42177, 48945, 96504, 106134], "exec_time": 108.37694787979126, "order": "D", "times": [45.031418800354004, 53.129950761795044, 99.28046703338623, 106.56139373779297], "depths": [1, 1, 1, 1], "block_size": 50000, "memory_info": 87.18359375}