{"n_results": 930841, "n_closures": 1913502, "exec_time": 81.65396976470947, "memory_info": 700.27734375}