{"n_results": [32, 32, 32, 32], "n_closures": [31, 31, 31, 31], "exec_time": 16.971216917037964, "order": "D", "times": [0.5958611965179443, 0.7264776229858398, 0.47804903984069824, 0.42017364501953125], "depths": [1, 1, 1, 1], "block_size": 50000, "memory_info": 610.18359375}