{"n_results": 241239, "n_closures": 2696578, "exec_time": 2548.804448366165, "memory_info": 2776.08984375}