{"n_results": [230906, 231662, 230906, 237367], "n_closures": [473257, 474249, 473257, 483519], "exec_time": 14.508105278015137, "order": "D", "times": [11.89772367477417, 12.034555435180664, 12.301998615264893, 12.523939847946167], "depths": [1, 1, 1, 1], "block_size": 50000, "memory_info": 238.8671875}