{"n_results": 939541, "n_closures": 3306864, "exec_time": 1432.9785642623901, "memory_info": 869.2265625}