{"n_results": 32, "n_closures": 208204, "exec_time": 105.44516396522522, "memory_info": 268.2109375}